{
    "1": {
        "name": "van Maanen's Star",
        "x": -6.3125,
        "y": -11.6875,
        "z": -4.125
    },
    "2": {
        "name": "Wolf 124",
        "x": -7.25,
        "y": -27.1562,
        "z": -19.0938
    },
    "3": {
        "name": "Midgcut",
        "x": -14.625,
        "y": 10.3438,
        "z": 13.1562
    },
    "4": {
        "name": "PSPF-LF 2",
        "x": -4.40625,
        "y": -17.1562,
        "z": -15.3438
    },
    "5": {
        "name": "Wolf 629",
        "x": -4.0625,
        "y": 7.6875,
        "z": 20.0938
    },
    "6": {
        "name": "LHS 3531",
        "x": 1.4375,
        "y": -11.1875,
        "z": 16.7812
    },
    "7": {
        "name": "Stein 2051",
        "x": -9.46875,
        "y": 2.4375,
        "z": -15.375
    },
    "8": {
        "name": "Wolf 25",
        "x": -11.0625,
        "y": -20.4688,
        "z": -7.125
    },
    "9": {
        "name": "Wolf 1481",
        "x": 5.1875,
        "y": 13.375,
        "z": 13.5625
    },
    "10": {
        "name": "Wolf 562",
        "x": 1.46875,
        "y": 12.8438,
        "z": 15.5625
    },
    "11": {
        "name": "LP 532-81",
        "x": -1.5625,
        "y": -27.375,
        "z": -32.3125
    },
    "12": {
        "name": "LP 525-39",
        "x": -19.7188,
        "y": -31.125,
        "z": -9.09375
    },
    "13": {
        "name": "LP 804-27",
        "x": 3.3125,
        "y": 17.8438,
        "z": 43.2812
    },
    "14": {
        "name": "Ross 671",
        "x": -17.5312,
        "y": -13.8438,
        "z": 0.625
    },
    "15": {
        "name": "LHS 340",
        "x": 20.4688,
        "y": 8.25,
        "z": 12.5
    },
    "16": {
        "name": "Haghole",
        "x": -5.875,
        "y": 0.90625,
        "z": 23.8438
    },
    "17": {
        "name": "Trepin",
        "x": 26.375,
        "y": 10.5625,
        "z": 9.78125
    },
    "18": {
        "name": "Kokary",
        "x": 3.5,
        "y": -10.3125,
        "z": -11.4375
    },
    "19": {
        "name": "Akkadia",
        "x": -1.75,
        "y": -33.9062,
        "z": -32.9688
    },
    "20": {
        "name": "Hill Pa Hsi",
        "x": 29.4688,
        "y": -1.6875,
        "z": 25.375
    },
    "21": {
        "name": "Luyten 145-141",
        "x": 13.4375,
        "y": -0.8125,
        "z": 6.65625
    },
    "22": {
        "name": "WISE 0855-0714",
        "x": 6.53125,
        "y": -2.15625,
        "z": 2.03125
    },
    "23": {
        "name": "Alpha Centauri",
        "x": 3.03125,
        "y": -0.09375,
        "z": 3.15625
    },
    "24": {
        "name": "LHS 450",
        "x": -12.4062,
        "y": 7.8125,
        "z": -1.875
    },
    "25": {
        "name": "LP 245-10",
        "x": -18.9688,
        "y": -13.875,
        "z": -24.2812
    },
    "26": {
        "name": "Epsilon Indi",
        "x": 3.125,
        "y": -8.875,
        "z": 7.125
    },
    "27": {
        "name": "Barnard's Star",
        "x": -3.03125,
        "y": 1.375,
        "z": 4.9375
    },
    "28": {
        "name": "Epsilon Eridani",
        "x": 1.9375,
        "y": -7.75,
        "z": -6.84375
    },
    "29": {
        "name": "Narenses",
        "x": -1.15625,
        "y": -11.0312,
        "z": 21.875
    },
    "30": {
        "name": "Wolf 359",
        "x": 3.875,
        "y": 6.46875,
        "z": -1.90625
    },
    "31": {
        "name": "LAWD 26",
        "x": 20.9062,
        "y": -7.5,
        "z": 3.75
    },
    "32": {
        "name": "Avik",
        "x": 13.9688,
        "y": -4.59375,
        "z": -6.0
    },
    "33": {
        "name": "George Pantazis",
        "x": -12.0938,
        "y": -16.0,
        "z": -14.2188
    }
}